user_name,user_location,user_description,user_created,user_followers,user_friends,user_favourites,user_verified,date,text,hashtags,source,is_retweet,
·èâ·é•‚òª’¨ÍÇÖœÆ,astroworld,wednesday addams as a disney princess keepin it [Ã≤ÃÖ$Ã≤ÃÖ(Ã≤ÃÖŒπŒøŒøÃ≤ÃÖ)Ã≤ÃÖ$Ã≤ÃÖ] üë∏üèªüíö‚ôäÔ∏èüßÄüåµüåÉüåô,2017-05-26 05:46:42,624,950,18775,False,2020-07-25 12:27:21,"If I smelled the scent of hand sanitizers today on someone in the past, I would think they were so intoxicated that‚Ä¶ https://t.co/QZvYbrOgb0",,Twitter for iPhone,False,
Tom Basile üá∫üá∏,"New York, NY","Husband, Father, Columnist & Commentator. Author of Tough Sell: Fighting the Media War in Iraq. Bush Admin Alum. Newsmax Contributor. Fmr Exec Dir NYSGOP",2009-04-16 20:06:23,2253,1677,24,True,2020-07-25 12:27:17,Hey @Yankees @YankeesPR and @MLB - wouldn't it have made more sense to have the players pay their respects to the A‚Ä¶ https://t.co/1QvW0zgyPu,,Twitter for Android,False,
Time4fisticuffs,"Pewee Valley, KY",#Christian #Catholic #Conservative #Reagan #Republican #Capitalist, Sports lover - #BBN #Cincinnati #Reds #Bengals #Trump2020,2009-02-28 18:57:41,9275,9525,7254,False,2020-07-25 12:27:14,@diane3443 @wdunlap @realDonaldTrump Trump never once claimed #COVID19 was a hoax. We all claim that this effort to‚Ä¶ https://t.co/Jkk8vHWHb3,['COVID19'],Twitter for Android,False
ethel mertz,Stuck in the Middle ,#Browns #Indians #ClevelandProud #[]_[] #Cavs #Resist,2019-03-07 01:45:06,197,987,1488,False,2020-07-25 12:27:10,@brookbanktv The one gift #COVID19 has give me is an appreciation for the simple things that were always around me‚Ä¶ https://t.co/Z0pOAlFXcW,['COVID19'],Twitter for iPhone,False,
DIPR-J&K,Jammu and Kashmir,"üñäÔ∏èOfficial Twitter handle of Department of Information and Public Relations, Govt of Jammu & Kashmir",2017-02-12 06:45:15,101009,168,101,False,2020-07-25 12:27:08,"25 July : Media Bulletin on Novel #CoronaVirusUpdates #COVID19 
@kansalrohit69 @DrSyedSehrish @airnewsalerts @ANI‚Ä¶ https://t.co/MN0EEcsJHh","['CoronaVirusUpdates', 'COVID19']",Twitter for Android,False,
üéπ Franz Schubert,–ù–æ–≤–æ—Ä–æÃÅ—Å—Å–∏—è,"üéº  #–ù–æ–≤–æ—Ä–æÃÅ—Å—Å–∏—è #Novorossiya #–æ—Å—Ç–∞–≤–∞–π—Å—è–¥–æ–º–∞ #STAYatHOME Polymath, composer, English.",2018-03-19 16:29:52,1180,1071,1287,False,2020-07-25 12:27:06,#coronavirus #covid19 deaths continue to rise. It's almost  as bad as it ever was.  Politicians and businesses want‚Ä¶ https://t.co/hXMHooXX2C,"['coronavirus', 'covid19']",Twitter Web App,False,
hr bartender,"Gainesville, FL",Workplace tips and advice served up in a friendly place. Corporate blog of @ITMGroup by @Sharlyn_Lauby. Cheers!,2008-08-12 18:19:49,79956,54810,3801,False,2020-07-25 12:27:03,"How #COVID19 Will Change Work in General (and recruiting, specifically) via/ @ProactiveTalent #Recruiting‚Ä¶ https://t.co/bjZxzGPMbK","['COVID19', 'Recruiting']",Buffer,False,
Derbyshire LPC,,,2012-02-03 18:08:10,608,355,95,False,2020-07-25 12:27:00,You now have to wear face coverings when out shopping - this includes a visit to your local Community Pharmacy‚Ä¶ https://t.co/OSu5Q4kdd7,,TweetDeck,False,
Prathamesh Bendre,,"A poet, reiki practitioner and a student of law.",2015-04-25 08:15:41,25,29,18,False,2020-07-25 12:26:59,"Praying for good health and recovery of @ChouhanShivraj .
#covid19
#covidPositive","['covid19', 'covidPositive']",Twitter for Android,False,
Member of Christ üá®üá≥üá∫üá∏üáÆüá≥üáÆüá©üáßüá∑üá≥üá¨üáßüá©üá∑üá∫,üëáüèªlocation at link belowüëáüèª,"Just as the body is one & has many members, & all the members of the body, though many, are one body, so it is with Christ. 1 Corinthians 12:12",2014-08-17 04:53:22,55201,34239,29802,False,2020-07-25 12:26:54,"POPE AS GOD - Prophet Sadhu Sundar Selvaraj. Watch here at https://t.co/7X5RTyKVji 

#HurricaneHanna #COVID19‚Ä¶ https://t.co/06dZcGUnwL","['HurricaneHanna', 'COVID19']",Twitter for iPhone,False,
Voice Of CBSE Students,,,2020-07-14 17:50:30,8,10,7,False,2020-07-25 12:26:53,"49K+ Covid19 cases still no response from 
@cbseindia29 @HRDMinistry @DrRPNishank.Please cancel the compartment exa‚Ä¶ https://t.co/kV2ZKmumu1",,Twitter Web App,False,
Creativegms,"Dhaka,Bangladesh","I'm Motalib Mia, Logo -Logo Designer - Branding - Brand Identity Designer. I like to use my creativity, Client Satisfaction is my focus.

motalibmas@gmail.com",2020-01-12 09:03:01,241,1694,8443,False,2020-07-25 12:26:50,"Order here: https://t.co/4NUrGX6EmA

#logo #graphicdesigner #logodesign #logodesinger #icon  #minimalist #Abstract‚Ä¶ https://t.co/0yPMoGqi9s","['logo', 'graphicdesigner', 'logodesign', 'logodesinger', 'icon', 'minimalist', 'Abstract']",Twitter Web App,False,
SEXXYLYPPS,Hotel living - various cities!  Who needs a home when hotel living is so fabulous!,"My ink ""My Way...No Regrets""
Always Make Happiness Your #1 Priority",2010-03-25 21:16:20,0,8,32,False,2020-07-25 12:26:47,üëãüèª@PattyHajdu @NavdeepSBains ‚Äî no one will be safe from #COVID19 until everyone is safe. Will you commit to ensure‚Ä¶ https://t.co/aWCJo6eKvC,['COVID19'],Twitter Web App,False,
Africa Youth Advisory Board on DRR,Africa,Official account of the Africa Youth Advisory Board on Disaster Risk Reduction (DRR) of @_AfricanUnion . Facilitating meaningful engagement of African Youth.,2019-05-13 06:27:47,830,254,3692,False,2020-07-25 12:26:47,"Let's all protect ourselves from #COVID19.
It's real and the numbers are climbing up fast in the Continent.
Let's n‚Ä¶ https://t.co/byMSfxltrw",['COVID19'],Twitter Web App,False,
DailyaddaaNews,New Delhi,Breaking news alerts from India.,2016-10-22 09:18:42,546,29,88,False,2020-07-25 12:26:46,Rajasthan Government today started a Plasma Bank at Sawai Man Singh Hospital in Jaipur for treatment of COVID-19 pa‚Ä¶ https://t.co/cwfCcWyaDA,,Twitter Web App,False,
Dimapur 24/7.,"Nagaland, India","strive to promote Truth with Integrity.
https://t.co/pOqdhk6Mhg",2019-11-11 12:02:27,274,32,378,False,2020-07-25 12:26:45,"Nagaland police on Covid-19 Awareness at City Tower Junction Dimapur.

#Covid19 #keepsocialdistance‚Ä¶ https://t.co/WOvFMqhuEO","['Covid19', 'keepsocialdistance']",Twitter for Android,False,
ChennaiCityNow,,Individual tweeting about significant happenings in Chennai.,2009-04-26 09:38:11,3987,53,749,False,2020-07-25 12:26:44,"July 25 #COVID19 update
#TamilNadu - 6988
Discharge- 7758
People tested - 61729
Actice cases - 52273
#chennai - 1329","['COVID19', 'TamilNadu', 'chennai']",Twitter for iPhone,False,
marc goovaertsüá™üá∫üè≥Ô∏è‚Äçüåà,Brussels,"Progressive mind. Flemish. Into movies, politics, travelling, swimming, gym, massage and Indonesia",2009-06-13 13:48:16,283,1432,1546,False,2020-07-25 12:26:44,Second wave of #COVID19 in Flanders..back to more #homework again... https://t.co/9swImZACMN,"['COVID19', 'homework']",Twitter for Android,False,
Dorian Aur,,,2011-01-30 18:40:16,46,108,453,False,2020-07-25 12:26:43,"It is during our darkest moments that we must focus to see the #light.~Aristotle 
https://t.co/YLlS4Kj85c‚Ä¶ https://t.co/tFJB7l1Kaw",['light'],Twitter Web App,False,
Coronavirus Law,"Florida, USA",COVID-19 Practice of Lechner Law,2019-12-03 19:00:11,14,24,74,False,2020-07-25 12:26:39,COVID Update: The infection rate in Florida is following the natural curve that experts predicted if the initial cu‚Ä¶ https://t.co/hmEwE747WK,,Twitter for iPad,False,
The Voice of GenX,,,2011-05-28 15:28:21,292,1037,58,False,2020-07-25 12:26:37,"@EvanAKilgore @realDonaldTrump Good Patriots!
Call to Volunteer to be an Election Judge. 
Polls cannot open without‚Ä¶ https://t.co/qA3mA4zedZ",,Twitter for iPhone,False,
APO Group English,#AFRICA #MENA,"Latest #Africa & #MENA related #News releases issued by companies, govs, intl orgs, NGOs & #UN #PR FR:@APO_source_fr PT:@APO_source_pt AR:@APO_source_ar",2011-02-22 09:09:45,10661,6,2037,True,2020-07-25 12:26:31,Coronavirus - South Africa: COVID-19 update for South Africa (24 July 2020) @nicd_sa @MoetiTshidi @WHOAFRO‚Ä¶ https://t.co/WQzAdkpXC5,,Africa Newsroom,False,
Micah Pollak,Northwest Indiana,Associate Professor of Economics (PhD in Economics) and Director of the Center for Economic Education & Research (CEER) at Indiana University Northwest.,2011-07-22 13:41:42,751,183,1308,False,2020-07-25 12:26:31,"@JimBnntt Your image doesn't list a source, but I'd be careful with overall ""risk of dying"" statistics related to‚Ä¶ https://t.co/GRjVq8vYMy",,Twitter Web App,False,
CAWST,100+ countries,"Providing training, education and technical consulting services in water and sanitation",2009-08-06 02:43:36,3038,2713,7445,False,2020-07-25 12:26:30,"The first comprehensive review of #WASH &amp; #COVID19.

Analysis: key ways in which WASH can help reduce transmission‚Ä¶ https://t.co/eCsfDmo9b4","['WASH', 'COVID19']",Twitter for iPhone,False,
Florian Bieber,Graz,"Niko i ni≈°ta, professor, so-called Balkan expert, coordinator @biepag director @cseesgraz, Jean Monnet Chair, tweets English, manchmal Deutsch & ponekad na≈°ki.",2009-06-18 09:46:10,18145,1389,13578,False,2020-07-25 12:26:28,Holy water in times of #COVID19 https://t.co/YaZ49yxL27,['COVID19'],Twitter for Android,False,
Blood Donors India,"Mumbai, India","Focused on matching blood donors with those in need. No followers here, only contributors. Spread the word, help save lives. We save 8/day.",2008-12-23 07:55:39,1215920,2047,19359,True,2020-07-25 12:26:26,"#Kolar
Need #Blood Type :  B-positive
At : Jalappa Hospital
Blood Component : Need Plasma from B+ve #COVID19 recove‚Ä¶ https://t.co/XtgxULc02Z","['Kolar', 'Blood', 'COVID19']",Blood Donors India,False,
Tetra Tech International Development,Working in 175+ countries,A leader in #GlobalDev. We work to improve livelihoods worldwide thru locally driven #sustainable #solutions. Posts by @TetraTech‚Äôs Int‚Äôl Dev team,2010-08-06 19:09:22,20699,458,2680,False,2020-07-25 12:26:26,"Our Munitions Response Team in #BosniaandHerzegovina modified ops and adopted masks, disinfectants, and sanitizers‚Ä¶ https://t.co/lMbKXlw1wQ",['BosniaandHerzegovina'],Twitter Web App,False,
beatnikgeek the soothsayer,"Manhattan, NY","These days, I expose colonizers & exploits @ the subatomic level e.g., Unlimited profits is the only acceptable profit margin.",2008-02-23 19:02:29,86,259,9412,False,2020-07-25 12:26:26,I can imagine the same people profiting off the human suffering of #COVID19 will be studying these maps to make 207‚Ä¶ https://t.co/NElsmGju2H,['COVID19'],Twitter for Android,False,
Mugilan Chandrakumar,no e-pass to cross borders...,"Journalist/Stay Grounded/ RT's are not Endorsements/ Views are Personal/Coimbatore‚ù§/Chennai.


*Then they came for me-and there was no one left to speak for me*",2011-06-12 18:18:43,8205,1083,32076,False,2020-07-25 12:26:24,"#TNCoronaUpdate

#TN crosses 2 lakh mark and 1,50,055 ppp has recovered so far.

#COVID19 positive today 6988/total‚Ä¶ https://t.co/QdJkpcc7qv","['TNCoronaUpdate', 'TN', 'COVID19']",Twitter for Android,False,
